{"modelpoints": [[-1.4052866204912455, -1.2228911383144965, -4.964712741422621], [-0.9858212269779788, -1.5991307628270965, -4.957291813956756], [-0.1650351552437057, -0.2715752245747774, -4.662147555428946], [-1.7034007406712348, 2.7186024602650543, -5.1057361160160415], [-1.3077287451918918, 2.2107287147188, -5.248561786654414], [-1.157139906038759, 1.5128719994236004, -5.281553235510408], [1.0796013540186196, -2.0750542095262237, -5.139239601049208]], "rightCameraPos": [0.9774093418980897, 0.2097801422317317, -0.025754034549517385]}