{"modelpoints": [[-1.1426596493623127, 1.5821108145750582, -5.281354131727288], [1.1636146289383211, 0.9715170009336266, -5.107200236406791], [-1.4200139986227174, 2.4875666305676227, -5.239371872074117], [-1.6996330443011227, -1.446000675551553, -4.924964408686573], [0.654055790476623, -1.393685450946441, -4.596988085111681], [0.16230459975568723, -1.1823605901268388, -4.620691963316969]], "rightCameraPos": [0.9774093418980897, 0.2097801422317317, -0.025754034549517385]}