{"modelpoints": [[-1.0510721287546483, 1.520793617991409, -5.05633455258304], [1.1730944317694347, 0.968830960030759, -5.233589270398405], [-1.3818872480907447, 2.4479409047769782, -5.160604538208074], [-1.7405392081019406, -1.4705553571263645, -4.999705103888821], [0.6523945540483247, -1.388563204397824, -4.602939501449617], [0.16533096436230177, -1.1707404264503372, -4.599131449479109]], "rightCameraPos": [1.8741231549436026, 0.354538636352248, -0.04639757847883483]}