{"baseline": [0.9869642303534083, 0.15932781859525377, -0.02272122850072731], "anglesRight": [-0.019820578051376575, 0.03806611464298545, -0.012442619176604738], "anglesLeft": [-0.014783621462739453, 0.02818190724143825, -0.006191868240890879]}