{"baseline": [0.9774093418980897, 0.2097801422317317, -0.025754034549517385], "anglesRight": [-0.014783621462739453, 0.02818190724143825, -0.006191868240890879], "anglesLeft": [0, 0, 0]}